Región_geográfica,Países_Con_Sedes_Argentinas,Promedio_flujo_con_Argentina
Europa/Asia,1,1675380.0
América del Norte,16,552863.7567567568
Oceania,2,146589.33333333334
Europa,22,35221.73469387755
África,12,-132877.24561403508
América del Sur,12,-175909.33333333334
Asia,24,-350997.9387755102
